{
    "eval_loss": 398.44281005859375,
    "eval_wer": 0.2702289211242067,
    "eval_cer": 0.13764892092486045,
    "eval_runtime": 51.2961,
    "eval_samples_per_second": 9.747,
    "eval_steps_per_second": 2.437,
    "epoch": 5.0
}