{
    "eval_loss": 102.84102630615234,
    "eval_wer": 0.08404525513738166,
    "eval_cer": 0.03547381411158501,
    "eval_runtime": 49.5167,
    "eval_samples_per_second": 10.098,
    "eval_steps_per_second": 2.524,
    "epoch": 5.0
}